{"site_data":{"titulo":"Minisite","descricao":"CONNECT | Ag\u00eancia Digital","metatags":"","google_tags_manager":null,"email_title":"Minisite PurplePier","email_mkt_teste":"","facebook_app_id":null,"logo_rede_sociais":"purplepier_redes_sociais_y4.png","logo_app":"purplepier_s6.png","facebook":"PurplePier","twitter":"PurplePier","orkut":"","linkedin":"","canal_youtube":"","flickr":null,"instagram":"","pinterest":""},"paginas":{"noticias":{"id":"292","nome":"noticias","menu_principal":"0","menu_2":"0","menu_3":"0","n_index":"7","label":"noticias","layout":"materias","banner":"","action":"","tipo":"materias","titulo":"Veja nossas mat\u00e9rias","texto_01":"","texto_02":"","texto_03":"","texto_04":"","texto_05":"","texto_06":"","titulo_01":"","titulo_02":"","titulo_03":"","titulo_04":"","titulo_05":"","titulo_06":"","subtitulo_01":"","subtitulo_02":"","subtitulo_03":"","subtitulo_04":"","subtitulo_05":"","subtitulo_06":"","label_link_01":"","label_link_02":"","label_link_03":"","label_link_04":"","label_link_05":"","label_link_06":"","link_01":"","link_02":"","link_03":"","link_04":"","link_05":"","link_06":"","container_1":"","container_2":"","container_3":"","container_4":"","container_5":"","container_6":"","container_7":"","container_8":"","container_9":"","container_10":"","icon":"","plataforma":"desktop","keywords":"","modelo":"0","banner_exibe":"0","controller":"materias","titulo_pagina":"","hotsite":"0","id_categoria":null,"dica_exibe":"0","network_exibe":"0","video_exibe":"0","main_for_group":"0","link_special":"","breadcrumb_exibe":"0","views":"0","tags":false,"page_prop":{"mat_lk_rcn_qtd":"4","mat_lk_rcn_afi":"afinidade","mat_lk_rcn_adv":"1","mat_lk_rcn_blc":"4","mat_lk_rcn_img":null,"gel_fr_initial":null},"extra":[],"ads":[],"rows":[],"attributes":{"video_1":null,"video_2":null,"video_3":null,"dica_titulo":null,"dica_subtitulo":null,"dica_texto":null,"galeria_usuarios":null,"dc_identificator":null,"dc_format":null,"dc_language":null,"dc_publisher":null,"dc_email":null,"dc_creator":null,"dc_subject":null,"dc_contributor":null,"dc_date":null,"dc_relation":null,"dc_coverage":null,"dc_copyright":null,"fb_titulo":null,"fb_texto":null,"fb_slot_1":null}},"paginas":{"id":"293","nome":"paginas","menu_principal":"0","menu_2":"0","menu_3":"0","n_index":"0","label":"paginas","layout":"horizontal_banner","banner":"","action":"","tipo":"categorias","titulo":"","texto_01":"","texto_02":"","texto_03":"","texto_04":"","texto_05":"","texto_06":"","titulo_01":"","titulo_02":"","titulo_03":"","titulo_04":"","titulo_05":"","titulo_06":"","subtitulo_01":"","subtitulo_02":"","subtitulo_03":"","subtitulo_04":"","subtitulo_05":"","subtitulo_06":"","label_link_01":"","label_link_02":"","label_link_03":"","label_link_04":"","label_link_05":"","label_link_06":"","link_01":"","link_02":"","link_03":"","link_04":"","link_05":"","link_06":"","container_1":"","container_2":"","container_3":"","container_4":"","container_5":"","container_6":"","container_7":"","container_8":"","container_9":"","container_10":"","icon":"","plataforma":"desktop","keywords":"","modelo":"0","banner_exibe":"1","controller":"paginas","titulo_pagina":"","hotsite":"0","id_categoria":null,"dica_exibe":"0","network_exibe":"0","video_exibe":"0","main_for_group":"0","link_special":"","breadcrumb_exibe":"0","views":"0","tags":false,"page_prop":{"gel_fr_initial":null},"extra":[],"ads":[],"rows":[],"attributes":{"video_1":null,"video_2":null,"video_3":null,"dica_titulo":null,"dica_subtitulo":null,"dica_texto":null,"galeria_usuarios":null,"dc_identificator":null,"dc_format":null,"dc_language":null,"dc_publisher":null,"dc_email":null,"dc_creator":null,"dc_subject":null,"dc_contributor":null,"dc_date":null,"dc_relation":null,"dc_coverage":null,"dc_copyright":null,"fb_titulo":null,"fb_texto":null,"fb_slot_1":null}},"intro":{"id":"294","nome":"intro","menu_principal":"0","menu_2":"0","menu_3":"0","n_index":"0","label":"intro","layout":"intro_countdown","banner":"","action":"","tipo":"intro","titulo":"","texto_01":"PurplePier - !arketing Digital\n\nFone: [19] 9114-4641 \ne-mail: contato@purplepier.com.br\n\nacesse: <a href=\"www.purplepier.com.br\">www.purplepier.com.br<\/a>","texto_02":"","texto_03":"","texto_04":"","texto_05":"","texto_06":"","titulo_01":"Intro","titulo_02":"","titulo_03":"","titulo_04":"","titulo_05":"","titulo_06":"","subtitulo_01":"Introdu\u00e7\u00e3o do site","subtitulo_02":"","subtitulo_03":"","subtitulo_04":"","subtitulo_05":"","subtitulo_06":"","label_link_01":"","label_link_02":"","label_link_03":"","label_link_04":"","label_link_05":"","label_link_06":"","link_01":"","link_02":"","link_03":"","link_04":"","link_05":"","link_06":"","container_1":"","container_2":"","container_3":"","container_4":"","container_5":"","container_6":"","container_7":"","container_8":"","container_9":"","container_10":"","icon":"","plataforma":"desktop","keywords":"","modelo":"0","banner_exibe":"1","controller":"intro","titulo_pagina":"","hotsite":"0","id_categoria":null,"dica_exibe":"0","network_exibe":"0","video_exibe":"0","main_for_group":"0","link_special":"","breadcrumb_exibe":"0","views":"0","tags":false,"page_prop":{"gel_fr_initial":null},"extra":[],"ads":[],"rows":[],"attributes":{"video_1":null,"video_2":null,"video_3":null,"dica_titulo":null,"dica_subtitulo":null,"dica_texto":null,"galeria_usuarios":null,"dc_identificator":null,"dc_format":null,"dc_language":null,"dc_publisher":null,"dc_email":null,"dc_creator":null,"dc_subject":null,"dc_contributor":null,"dc_date":null,"dc_relation":null,"dc_coverage":null,"dc_copyright":null,"fb_titulo":null,"fb_texto":null,"fb_slot_1":null}},"orcamento":{"id":"295","nome":"orcamento","menu_principal":"0","menu_2":"0","menu_3":"1","n_index":"6","label":"orcamento","layout":"orcamentos","banner":"","action":"","tipo":"orcamento","titulo":"Or\u00e7amento","texto_01":"","texto_02":"","texto_03":"","texto_04":"","texto_05":"","texto_06":"","titulo_01":"","titulo_02":"","titulo_03":"","titulo_04":"","titulo_05":"","titulo_06":"","subtitulo_01":"","subtitulo_02":"","subtitulo_03":"","subtitulo_04":"","subtitulo_05":"","subtitulo_06":"","label_link_01":"","label_link_02":"","label_link_03":"","label_link_04":"","label_link_05":"","label_link_06":"","link_01":"","link_02":"","link_03":"","link_04":"","link_05":"","link_06":"","container_1":{"slot_type":"logo","foto":"","icon":{"cool_j":""}},"container_2":"","container_3":"","container_4":"","container_5":"","container_6":"","container_7":"","container_8":"","container_9":"","container_10":"","icon":"","plataforma":"desktop","keywords":"","modelo":"0","banner_exibe":"1","controller":"orcamento","titulo_pagina":"","hotsite":"0","id_categoria":null,"dica_exibe":"0","network_exibe":"0","video_exibe":"0","main_for_group":"0","link_special":"","breadcrumb_exibe":"0","views":"0","tags":false,"page_prop":{"gel_fr_initial":null},"extra":[],"ads":[],"rows":[],"attributes":{"video_1":null,"video_2":null,"video_3":null,"dica_titulo":null,"dica_subtitulo":null,"dica_texto":null,"galeria_usuarios":null,"dc_identificator":null,"dc_format":null,"dc_language":null,"dc_publisher":null,"dc_email":null,"dc_creator":null,"dc_subject":null,"dc_contributor":null,"dc_date":null,"dc_relation":null,"dc_coverage":null,"dc_copyright":null,"fb_titulo":null,"fb_texto":null,"fb_slot_1":null}},"institucional":{"id":"296","nome":"institucional","menu_principal":"1","menu_2":"0","menu_3":"1","n_index":"1","label":"quem somos","layout":"vertical_banner_html5","banner":"","action":"","tipo":"","titulo":"Ag\u00eancia Connect","texto_01":"A Connect Ag\u00eancia Digital busca nesses detalhes o segredo de sua atua\u00e7\u00e3o. Consideramos de forma \u00fanica o cliente e o lado humano de cada parceiro. Assim, nos motivamos a crescer quando estamos motivados a faz\u00ea-lo crescer tamb\u00e9m. Uma troca constante. \n \nOuvimos, falamos, sentimos e nos adequamos a cada um dos clientes, percebendo suas necessidades para traduzi-las em resultados, e ent\u00e3o, criar novos relacionamentos.","texto_02":"A Connect Ag\u00eancia Digital busca nos relacionamentos o segredo de sua atua\u00e7\u00e3o. Seja com o cliente, o lado humano desse parceiro, que nos motiva a crescer quando estamos motivados a faz\u00ea-lo crescer. Uma troca constante.\n\n","texto_03":"Ser refer\u00eancia em desenvolvimento, aplica\u00e7\u00e3o e suporte de servi\u00e7os on-line e marketing digital, com um trabalho reconhecidamente \u00fatil aos nossos clientes, parceiros e \u00e0 sociedade de modo geral.","texto_04":"A Connect Ag\u00eancia Digital est\u00e1 baseada nas Pessoas;\nNosso trabalho \u00e9 centrado na Transpar\u00eancia;\nBuscamos sempre a Confian\u00e7a de nossos clientes;\nAs rela\u00e7\u00f5es s\u00e3o conduzidas com Honestidade;\nVisamos a Satisfa\u00e7\u00e3o plena de nossos clientes e parceiros.","texto_05":"","texto_06":"","titulo_01":"Comunica\u00e7\u00e3o feita de humano para humano.","titulo_02":"Miss\u00e3o","titulo_03":"Vis\u00e3o","titulo_04":"Valores","titulo_05":"","titulo_06":"","subtitulo_01":"Comunicar vai al\u00e9m da fala, da escrita e dos sons - envolve contextos e relacionamentos.","subtitulo_02":"","subtitulo_03":"","subtitulo_04":"","subtitulo_05":"","subtitulo_06":"","label_link_01":"","label_link_02":"","label_link_03":"","label_link_04":"","label_link_05":"","label_link_06":"","link_01":"","link_02":"","link_03":"","link_04":"","link_05":"","link_06":"","container_1":"","container_2":"","container_3":"","container_4":"","container_5":"","container_6":"","container_7":"","container_8":"","container_9":"","container_10":"","icon":"","plataforma":"desktop","keywords":"","modelo":"0","banner_exibe":"0","controller":"verticalbanner","titulo_pagina":"","hotsite":"0","id_categoria":null,"dica_exibe":"0","network_exibe":"0","video_exibe":"0","main_for_group":"0","link_special":"","breadcrumb_exibe":"0","views":"0","tags":false,"page_prop":{"gel_fr_initial":null},"extra":[],"ads":[],"rows":[],"attributes":{"video_1":null,"video_2":null,"video_3":null,"dica_titulo":null,"dica_subtitulo":null,"dica_texto":null,"galeria_usuarios":null,"dc_identificator":null,"dc_format":null,"dc_language":null,"dc_publisher":null,"dc_email":null,"dc_creator":null,"dc_subject":null,"dc_contributor":null,"dc_date":null,"dc_relation":null,"dc_coverage":null,"dc_copyright":null,"fb_titulo":null,"fb_texto":null,"fb_slot_1":null}},"images":{"id":"297","nome":"images","menu_principal":"0","menu_2":"0","menu_3":"0","n_index":"0","label":"images","layout":"horizontal_banner","banner":"","action":"","tipo":"images","titulo":"Images sem uso","texto_01":"","texto_02":"","texto_03":"","texto_04":"","texto_05":"","texto_06":"","titulo_01":"","titulo_02":"","titulo_03":"","titulo_04":"","titulo_05":"","titulo_06":"","subtitulo_01":"","subtitulo_02":"","subtitulo_03":"","subtitulo_04":"","subtitulo_05":"","subtitulo_06":"","label_link_01":"","label_link_02":"","label_link_03":"","label_link_04":"","label_link_05":"","label_link_06":"","link_01":"","link_02":"","link_03":"","link_04":"","link_05":"","link_06":"","container_1":"","container_2":"","container_3":"","container_4":"","container_5":"","container_6":"","container_7":"","container_8":"","container_9":"","container_10":"","icon":"","plataforma":"desktop","keywords":"","modelo":"0","banner_exibe":"1","controller":"images","titulo_pagina":"","hotsite":"0","id_categoria":null,"dica_exibe":"0","network_exibe":"0","video_exibe":"0","main_for_group":"0","link_special":"","breadcrumb_exibe":"0","views":"0","tags":false,"page_prop":{"gel_fr_initial":null},"extra":[],"ads":[],"rows":[],"attributes":{"video_1":null,"video_2":null,"video_3":null,"dica_titulo":null,"dica_subtitulo":null,"dica_texto":null,"galeria_usuarios":null,"dc_identificator":null,"dc_format":null,"dc_language":null,"dc_publisher":null,"dc_email":null,"dc_creator":null,"dc_subject":null,"dc_contributor":null,"dc_date":null,"dc_relation":null,"dc_coverage":null,"dc_copyright":null,"fb_titulo":null,"fb_texto":null,"fb_slot_1":null}},"contato":{"id":"298","nome":"contato","menu_principal":"1","menu_2":"0","menu_3":"1","n_index":"22","label":"contato","layout":"contact_map","banner":"","action":"","tipo":"contato","titulo":"Tire suas d\u00favidas e entre em contato","texto_01":"","texto_02":"<a class=\"login_component_nao_cadastrado\" href=\"#\">Cadastre-se agora!<\/a> ","texto_03":"","texto_04":"","texto_05":"","texto_06":"","titulo_01":"","titulo_02":"","titulo_03":"","titulo_04":"","titulo_05":"","titulo_06":"","subtitulo_01":"","subtitulo_02":"","subtitulo_03":"","subtitulo_04":"","subtitulo_05":"","subtitulo_06":"","label_link_01":"","label_link_02":"","label_link_03":"","label_link_04":"","label_link_05":"","label_link_06":"","link_01":"","link_02":"","link_03":"","link_04":"","link_05":"","link_06":"","container_1":"","container_2":"","container_3":"","container_4":"","container_5":"","container_6":"","container_7":"","container_8":"","container_9":"","container_10":"","icon":"","plataforma":"desktop","keywords":"","modelo":"0","banner_exibe":"0","controller":"contato","titulo_pagina":"","hotsite":"0","id_categoria":null,"dica_exibe":"0","network_exibe":"0","video_exibe":"0","main_for_group":"0","link_special":"","breadcrumb_exibe":"0","views":"0","site_contato":{"ctt_company_name":"Ag\u00eancia Connect","ctt_address":"Av. Benedito Storani, 1314 - Sala 07","ctt_tel_1":"55 19 3826.4110","ctt_tel_2":"55 11 3522.9301","ctt_fax":null,"ctt_celular":null,"ctt_email":null,"ctt_cidade":"Vinhedo\/SP","ctt_estado":"SP","ctt_site":"www.agenciaconnect.net"},"tags":false,"page_prop":{"ctt_company_name":"Ag\u00eancia Connect","ctt_address":"Av. Benedito Storani, 1314 - Sala 07","ctt_tel_1":"55 19 3826.4110","ctt_tel_2":"55 11 3522.9301","ctt_fax":null,"ctt_celular":null,"ctt_email":null,"ctt_cidade":"Vinhedo\/SP","ctt_estado":"SP","ctt_site":"www.agenciaconnect.net","gel_fr_initial":null},"extra":[],"ads":[],"rows":[],"attributes":{"video_1":null,"video_2":null,"video_3":null,"dica_titulo":null,"dica_subtitulo":null,"dica_texto":null,"galeria_usuarios":null,"dc_identificator":null,"dc_format":null,"dc_language":null,"dc_publisher":null,"dc_email":null,"dc_creator":null,"dc_subject":null,"dc_contributor":null,"dc_date":null,"dc_relation":null,"dc_coverage":null,"dc_copyright":null,"fb_titulo":null,"fb_texto":null,"fb_slot_1":null}},"home":{"id":"299","nome":"home","menu_principal":"1","menu_2":"0","menu_3":"0","n_index":"0","label":"home","layout":"home_comments","banner":"","action":"","tipo":"home","titulo":"Ag\u00eancia Connect","texto_01":"","texto_02":"","texto_03":"","texto_04":"","texto_05":"","texto_06":"","titulo_01":"","titulo_02":"","titulo_03":"","titulo_04":"","titulo_05":"","titulo_06":"","subtitulo_01":"","subtitulo_02":"","subtitulo_03":"","subtitulo_04":"","subtitulo_05":"","subtitulo_06":"","label_link_01":"","label_link_02":"","label_link_03":"","label_link_04":"","label_link_05":"","label_link_06":"","link_01":"","link_02":"","link_03":"","link_04":"","link_05":"","link_06":"","container_1":"","container_2":{"slot_type":"bluedark4.jpg","foto":"","icon":{"cool_j":""}},"container_3":"","container_4":"","container_5":"","container_6":"","container_7":"","container_8":"","container_9":"","container_10":"","icon":"","plataforma":"desktop","keywords":"","modelo":"1","banner_exibe":"1","controller":"vevo","titulo_pagina":"","hotsite":"0","id_categoria":null,"dica_exibe":"0","network_exibe":"0","video_exibe":"0","main_for_group":"0","link_special":"","breadcrumb_exibe":"0","views":"0","tags":false,"page_prop":{"content":[{"id":"25","id_user":"0","ref":"0","id_categoria":"0","id_item":"5","qtd":"0","valor":"0","tipo":"0","valor_string":"Gr\u00e1tis","item_string":"Materiais Gr\u00e1ficos","detalhes":"Impressos em geral, servi\u00e7os de gr\u00e1fica r\u00e1pida e convencional"},{"id":"26","id_user":"0","ref":"0","id_categoria":"0","id_item":"6","qtd":"0","valor":"0","tipo":"0","valor_string":"Gr\u00e1tis","item_string":"Servidores e M\u00e1quinas Dedicadas","detalhes":"Empresas de hospedagem e servi\u00e7os de IP dedicados"},{"id":"27","id_user":"0","ref":"0","id_categoria":"0","id_item":"7","qtd":"0","valor":"0","tipo":"0","valor_string":"Gr\u00e1tis","item_string":"Telefonia e Comunica\u00e7\u00e3o","detalhes":"Servi\u00e7os de telefonia celular, fixa e internet"},{"id":"28","id_user":"0","ref":"0","id_categoria":"0","id_item":"10","qtd":"0","valor":"0","tipo":"0","valor_string":"Gr\u00e1tis","item_string":"Comunica\u00e7\u00e3o Visual","detalhes":"Servi\u00e7os de impress\u00e3o de banners, adesivos, frota entre outros"},{"id":"29","id_user":"0","ref":"0","id_categoria":"0","id_item":"11","qtd":"0","valor":"0","tipo":"0","valor_string":"Gr\u00e1tis","item_string":"Uniformes","detalhes":"Empresas especializadas em confec\u00e7\u00e3o de uniformes, silkscreen, camisetas, bon\u00e9s aventais e etc"},{"id":"30","id_user":"0","ref":"0","id_categoria":"0","id_item":"12","qtd":"0","valor":"0","tipo":"0","valor_string":"Gr\u00e1tis","item_string":"Brindes","detalhes":"Empresas especializadas em brindes de todos os tipos"}],"insumos":[{"id":"1","id_categoria":"0","nome":"Material Geri\u00e1trico","detalhes":" Fraldas geri\u00e1tricas, tipoias, bengalas, andadores, muletas, suportes para banheiro, toda linha de curativos com alta complexidade, materiais ortop\u00e9dicos, compra e aluguel de andadores, cadeiras de rodas e camas Hospitalares."},{"id":"2","id_categoria":"0","nome":"Refei\u00e7\u00f5es","detalhes":"Refei\u00e7\u00f5es di\u00e1rias, marmitex, refei\u00e7\u00f5es excutivas, refei\u00e7\u00f5es industriais"},{"id":"3","id_categoria":"0","nome":"Material Hospitalar","detalhes":"Venda de luvas,  tipoias, curativos, equipamentos m\u00e9dicos em geral"},{"id":"4","id_categoria":"0","nome":"Material de limpeza","detalhes":"Dom\u00e9stico, Comercial e Industrial: sab\u00e3o, sabonete, detergente, desinfetante, toalhas de papel e etc"},{"id":"5","id_categoria":"0","nome":"Materiais Gr\u00e1ficos","detalhes":"Impressos em geral, servi\u00e7os de gr\u00e1fica r\u00e1pida e convencional"},{"id":"6","id_categoria":"0","nome":"Servidores e M\u00e1quinas Dedicadas","detalhes":"Empresas de hospedagem e servi\u00e7os de IP dedicados"},{"id":"7","id_categoria":"0","nome":"Telefonia e Comunica\u00e7\u00e3o","detalhes":"Servi\u00e7os de telefonia celular, fixa e internet"},{"id":"8","id_categoria":"0","nome":"Servi\u00e7os de Alvenaria","detalhes":"Pedreiros, empreiteiros e pequenas constru\u00e7\u00f5es"},{"id":"9","id_categoria":"0","nome":"Servi\u00e7os de Pinturas","detalhes":"Pintura predial, resid\u00eancial e comercial"},{"id":"10","id_categoria":"0","nome":"Comunica\u00e7\u00e3o Visual","detalhes":"Servi\u00e7os de impress\u00e3o de banners, adesivos, frota entre outros"},{"id":"11","id_categoria":"0","nome":"Uniformes","detalhes":"Empresas especializadas em confec\u00e7\u00e3o de uniformes, silkscreen, camisetas, bon\u00e9s aventais e etc"},{"id":"12","id_categoria":"0","nome":"Brindes","detalhes":"Empresas especializadas em brindes de todos os tipos"}],"form_phrase":null,"gel_fr_initial":null},"extra":[],"ads":[],"rows":[{"id":"338","id_page":"299","id_componente":"207","tipo":"artigo","titulo":"Texas Artigo","n_index":"0","cool":"texas_artigo","json":"{\"titulo_1\":\"\",\"subtitulo_1\":\"\",\"texto_1\":\"\",\"link_1\":\"\",\"link_target_1\":\"_self\",\"image_1\":\"\",\"layout_1\":\"up\",\"cor_1\":\"\",\"cor_2\":\"\",\"cor_3\":\"\",\"alinhamento_1\":\"left\",\"alinhamento_2\":\"left\",\"alinhamento_3\":\"left\",\"extra\":[],\"url\":\"\",\"id\":\"338\",\"is_container\":0,\"margin_top\":\"0\",\"margin_bottom\":\"0\",\"padding_top\":\"5\",\"padding_bottom\":\"5\",\"is_full\":1,\"titulo_componente\":1,\"background_type\":\"1\",\"background\":\"bluedark2.jpg\"}","info":{"modelo":"artigo","tipo":"artigo","cool":"texas_artigo","id_page":"299","id_componente":"207","id_row":"338"},"content":{"titulo_1":"","subtitulo_1":"","texto_1":"","link_1":"","link_target_1":"_self","image_1":"","layout_1":"up","cor_1":"","cor_2":"","cor_3":"","alinhamento_1":"left","alinhamento_2":"left","alinhamento_3":"left","extra":[],"url":"","id":"338","is_container":0,"margin_top":"0","margin_bottom":"0","padding_top":"5","padding_bottom":"5","is_full":1,"titulo_componente":1,"background_type":"1","background":"bluedark2.jpg","page_info":[]}},{"id":"337","id_page":"299","id_componente":"376","tipo":"artigo","titulo":"Busca SiliconValley","n_index":"1","cool":"busca_siliconvalley","json":"{\"titulo_1\":\"Seu site &eacute; otimizado para os dispositivos m&oacute;veis?\",\"subtitulo_1\":\"Verifique agora seu site na ferramenta de an&aacute;lise de otimiza&ccedil;&atilde;o do Google\",\"texto_1\":\"\",\"link_1\":\"\",\"link_target_1\":\"_self\",\"image_1\":\"\",\"layout_1\":\"up\",\"cor_1\":\"\",\"cor_2\":\"#83abd2\",\"cor_3\":\"\",\"alinhamento_1\":\"center\",\"alinhamento_2\":\"center\",\"alinhamento_3\":\"left\",\"extra\":[],\"url\":\"\",\"id\":\"337\",\"is_container\":0,\"margin_top\":\"0\",\"margin_bottom\":\"0\",\"padding_top\":\"0\",\"padding_bottom\":\"0\",\"is_full\":0,\"titulo_componente\":0,\"background_type\":\"0\",\"background\":\"\"}","info":{"modelo":"artigo","tipo":"artigo","cool":"busca_siliconvalley","id_page":"299","id_componente":"376","id_row":"337"},"content":{"titulo_1":"Seu site &eacute; otimizado para os dispositivos m&oacute;veis?","subtitulo_1":"Verifique agora seu site na ferramenta de an&aacute;lise de otimiza&ccedil;&atilde;o do Google","texto_1":"","link_1":"","link_target_1":"_self","image_1":"","layout_1":"up","cor_1":"","cor_2":"#83abd2","cor_3":"","alinhamento_1":"center","alinhamento_2":"center","alinhamento_3":"left","extra":[],"url":"","id":"337","is_container":0,"margin_top":"0","margin_bottom":"0","padding_top":"0","padding_bottom":"0","is_full":0,"titulo_componente":0,"background_type":"0","background":"","page_info":[]}},{"id":"339","id_page":"299","id_componente":"427","tipo":"artigo_complex","titulo":"Artigo Brooklyn","n_index":"4","cool":"artigo_brooklyn","json":"{\"qtd_blocos\":\"4\",\"titulo_1\":\"Ultra Safety\",\"subtitulo_1\":\"\",\"texto_1\":\"\",\"titulo_2\":\"Ars Domus\",\"subtitulo_2\":\"\",\"texto_2\":\"\",\"titulo_3\":\"Kratos Eventos\",\"subtitulo_3\":\"\",\"texto_3\":\"\",\"titulo_4\":\"BerTools\",\"subtitulo_4\":\"\",\"texto_4\":\"\",\"image_type_1\":\"1\",\"image_1\":\"foto_site1_n6.jpg\",\"image_type_2\":\"1\",\"image_2\":\"foto_site2_s6.jpg\",\"image_type_3\":\"1\",\"image_3\":\"foto_site3_y1.jpg\",\"image_type_4\":\"1\",\"image_4\":\"foto_site4_q4.jpg\",\"item1_cor_1\":\"FFFFFF\",\"item1_alinhamento_1\":\"left\",\"item1_link_1\":\"www.ultrasafety.com.br\",\"item1_cor_2\":\"FFFFFF\",\"item1_alinhamento_2\":\"left\",\"item1_cor_3\":\"FFFFFF\",\"item1_alinhamento_3\":\"left\",\"item2_cor_1\":\"FFFFFF\",\"item2_alinhamento_1\":\"left\",\"item2_link_1\":\"www.arsdomus.com.br\",\"item2_cor_2\":\"FFFFFF\",\"item2_alinhamento_2\":\"left\",\"item2_cor_3\":\"FFFFFF\",\"item2_alinhamento_3\":\"left\",\"item3_cor_1\":\"FFFFFF\",\"item3_alinhamento_1\":\"left\",\"item3_link_1\":\"www.kratoseventos.com.br\",\"item3_cor_2\":\"FFFFFF\",\"item3_alinhamento_2\":\"left\",\"item3_cor_3\":\"FFFFFF\",\"item3_alinhamento_3\":\"left\",\"item4_cor_1\":\"FFFFFF\",\"item4_alinhamento_1\":\"left\",\"item4_link_1\":\"www.bertools.com.br\",\"item4_cor_2\":\"FFFFFF\",\"item4_alinhamento_2\":\"left\",\"item4_cor_3\":\"FFFFFF\",\"item4_alinhamento_3\":\"left\",\"botao_exibe\":1,\"botao_label\":\"Acessar\",\"extra\":{\"cor_composite_1\":\"#2d6dc8\",\"cor_composite_titulo_1\":\"#ffffff\",\"cor_composite_texto_1\":\"#ffffff\",\"cor_composite_botao_1\":\"#75bce1\",\"cor_composite_botao_label_1\":\"#ffffff\",\"composite_layout_1\":\"cs-style-2\"},\"url\":\"\",\"id\":\"339\",\"is_container\":0,\"margin_top\":\"15\",\"margin_bottom\":\"0\",\"padding_top\":\"15\",\"padding_bottom\":\"15\",\"is_full\":1,\"titulo_componente\":0,\"background_type\":\"1\",\"background\":\"bluedark4.jpg\"}","info":{"modelo":"artigo_complex","tipo":"artigo_complex","cool":"artigo_brooklyn","id_page":"299","id_componente":"427","id_row":"339"},"content":{"qtd_blocos":"4","titulo_1":"Ultra Safety","subtitulo_1":"","texto_1":"","titulo_2":"Ars Domus","subtitulo_2":"","texto_2":"","titulo_3":"Kratos Eventos","subtitulo_3":"","texto_3":"","titulo_4":"BerTools","subtitulo_4":"","texto_4":"","image_type_1":"1","image_1":"foto_site1_n6.jpg","image_type_2":"1","image_2":"foto_site2_s6.jpg","image_type_3":"1","image_3":"foto_site3_y1.jpg","image_type_4":"1","image_4":"foto_site4_q4.jpg","item1_cor_1":"FFFFFF","item1_alinhamento_1":"left","item1_link_1":"www.ultrasafety.com.br","item1_cor_2":"FFFFFF","item1_alinhamento_2":"left","item1_cor_3":"FFFFFF","item1_alinhamento_3":"left","item2_cor_1":"FFFFFF","item2_alinhamento_1":"left","item2_link_1":"www.arsdomus.com.br","item2_cor_2":"FFFFFF","item2_alinhamento_2":"left","item2_cor_3":"FFFFFF","item2_alinhamento_3":"left","item3_cor_1":"FFFFFF","item3_alinhamento_1":"left","item3_link_1":"www.kratoseventos.com.br","item3_cor_2":"FFFFFF","item3_alinhamento_2":"left","item3_cor_3":"FFFFFF","item3_alinhamento_3":"left","item4_cor_1":"FFFFFF","item4_alinhamento_1":"left","item4_link_1":"www.bertools.com.br","item4_cor_2":"FFFFFF","item4_alinhamento_2":"left","item4_cor_3":"FFFFFF","item4_alinhamento_3":"left","botao_exibe":1,"botao_label":"Acessar","extra":{"cor_composite_1":"#2d6dc8","cor_composite_titulo_1":"#ffffff","cor_composite_texto_1":"#ffffff","cor_composite_botao_1":"#75bce1","cor_composite_botao_label_1":"#ffffff","composite_layout_1":"cs-style-2"},"url":"","id":"339","is_container":0,"margin_top":"15","margin_bottom":"0","padding_top":"15","padding_bottom":"15","is_full":1,"titulo_componente":0,"background_type":"1","background":"bluedark4.jpg","page_info":[]}},{"id":"349","id_page":"299","id_componente":"207","tipo":"artigo","titulo":"Texas Artigo","n_index":"5","cool":"texas_artigo","json":"{\"titulo_1\":\"\",\"subtitulo_1\":\"\",\"texto_1\":\"\",\"link_1\":\"\/portfolio\",\"link_target_1\":\"_self\",\"image_1\":\"bt_portfolio_j7.png\",\"layout_1\":\"up\",\"cor_1\":\"\",\"cor_2\":\"\",\"cor_3\":\"\",\"alinhamento_1\":\"left\",\"alinhamento_2\":\"left\",\"alinhamento_3\":\"left\",\"extra\":[],\"url\":\"\",\"id\":\"349\",\"is_container\":0,\"margin_top\":\"0\",\"margin_bottom\":\"15\",\"padding_top\":\"10\",\"padding_bottom\":\"10\",\"is_full\":0,\"titulo_componente\":0,\"background_type\":\"1\",\"background\":\"\"}","info":{"modelo":"artigo","tipo":"artigo","cool":"texas_artigo","id_page":"299","id_componente":"207","id_row":"349"},"content":{"titulo_1":"","subtitulo_1":"","texto_1":"","link_1":"\/portfolio","link_target_1":"_self","image_1":"bt_portfolio_j7.png","layout_1":"up","cor_1":"","cor_2":"","cor_3":"","alinhamento_1":"left","alinhamento_2":"left","alinhamento_3":"left","extra":[],"url":"","id":"349","is_container":0,"margin_top":"0","margin_bottom":"15","padding_top":"10","padding_bottom":"10","is_full":0,"titulo_componente":0,"background_type":"1","background":"","page_info":[]}},{"id":"335","id_page":"299","id_componente":"283","tipo":"newsletter","titulo":"NewsLetter Portland","n_index":"10","cool":"newsletter_portland","json":"{\"titulo_1\":\"\",\"texto_1\":\"\",\"link_1\":\"\",\"cor_1\":\"\",\"cor_3\":\"\",\"alinhamento_1\":\"center\",\"alinhamento_3\":\"center\",\"extra\":[],\"url\":\"\",\"id\":\"335\",\"is_container\":0,\"margin_top\":\"0\",\"margin_bottom\":\"0\",\"padding_top\":\"0\",\"padding_bottom\":\"0\",\"is_full\":0,\"titulo_componente\":0,\"background_type\":\"0\",\"background\":\"\"}","info":{"modelo":"newsletter","tipo":"newsletter","cool":"newsletter_portland","id_page":"299","id_componente":"283","id_row":"335"},"content":{"titulo_1":"","texto_1":"","link_1":"","cor_1":"","cor_3":"","alinhamento_1":"center","alinhamento_3":"center","extra":[],"url":"","id":"335","is_container":0,"margin_top":"0","margin_bottom":"0","padding_top":"0","padding_bottom":"0","is_full":0,"titulo_componente":0,"background_type":"0","background":"","page_info":[]}}],"attributes":{"video_1":null,"video_2":null,"video_3":null,"dica_titulo":null,"dica_subtitulo":null,"dica_texto":null,"galeria_usuarios":null,"dc_identificator":null,"dc_format":null,"dc_language":null,"dc_publisher":null,"dc_email":null,"dc_creator":null,"dc_subject":null,"dc_contributor":null,"dc_date":null,"dc_relation":null,"dc_coverage":null,"dc_copyright":null,"fb_titulo":null,"fb_texto":null,"fb_slot_1":null}},"buscar":{"id":"300","nome":"buscar","menu_principal":"0","menu_2":"0","menu_3":"0","n_index":"0","label":"buscar","layout":"buscar","banner":"","action":"","tipo":"buscar","titulo":"Buscar","texto_01":"","texto_02":"","texto_03":"","texto_04":"","texto_05":"","texto_06":"","titulo_01":"Buscas","titulo_02":"","titulo_03":"","titulo_04":"","titulo_05":"","titulo_06":"","subtitulo_01":"","subtitulo_02":"","subtitulo_03":"","subtitulo_04":"","subtitulo_05":"","subtitulo_06":"","label_link_01":"","label_link_02":"","label_link_03":"","label_link_04":"","label_link_05":"","label_link_06":"","link_01":"","link_02":"","link_03":"","link_04":"","link_05":"","link_06":"","container_1":"","container_2":"","container_3":"","container_4":"","container_5":"","container_6":"","container_7":"","container_8":"","container_9":"","container_10":"","icon":"","plataforma":"desktop","keywords":"","modelo":"0","banner_exibe":"1","controller":"buscar","titulo_pagina":"","hotsite":"0","id_categoria":null,"dica_exibe":"0","network_exibe":"0","video_exibe":"0","main_for_group":"0","link_special":"","breadcrumb_exibe":"0","views":"0","tags":false,"page_prop":{"gel_fr_initial":null},"extra":[],"ads":[],"rows":[],"attributes":{"video_1":null,"video_2":null,"video_3":null,"dica_titulo":null,"dica_subtitulo":null,"dica_texto":null,"galeria_usuarios":null,"dc_identificator":null,"dc_format":null,"dc_language":null,"dc_publisher":null,"dc_email":null,"dc_creator":null,"dc_subject":null,"dc_contributor":null,"dc_date":null,"dc_relation":null,"dc_coverage":null,"dc_copyright":null,"fb_titulo":null,"fb_texto":null,"fb_slot_1":null}},"servicos":{"id":"302","nome":"servicos","menu_principal":"1","menu_2":"0","menu_3":"1","n_index":"2","label":"servi\u00e7os","layout":"horizontal_banner","banner":"","action":"","tipo":"","titulo":"Servi\u00e7os","texto_01":"","texto_02":"","texto_03":"","texto_04":"","texto_05":"","texto_06":"","titulo_01":"","titulo_02":"","titulo_03":"","titulo_04":"","titulo_05":"","titulo_06":"","subtitulo_01":"","subtitulo_02":"","subtitulo_03":"","subtitulo_04":"","subtitulo_05":"","subtitulo_06":"","label_link_01":"","label_link_02":"","label_link_03":"","label_link_04":"","label_link_05":"","label_link_06":"","link_01":"","link_02":"","link_03":"","link_04":"","link_05":"","link_06":"","container_1":"","container_2":"","container_3":"","container_4":{"titulo":"Servi\u00e7os1","descricao":"","foto":"servicos1_m8.png","slot_type":"f","id":"f_1202"},"container_5":"","container_6":"","container_7":"","container_8":"","container_9":"","container_10":"","icon":"","plataforma":"desktop","keywords":"","modelo":"1","banner_exibe":"0","controller":"verticalbannner","titulo_pagina":"","hotsite":"0","id_categoria":null,"dica_exibe":"0","network_exibe":"0","video_exibe":"0","main_for_group":"0","link_special":"","breadcrumb_exibe":"0","views":"0","tags":false,"page_prop":{"gel_fr_initial":null},"extra":[],"ads":[],"rows":[{"id":"352","id_page":"302","id_componente":"207","tipo":"artigo","titulo":"Texas Artigo","n_index":"0","cool":"texas_artigo","json":"{\"titulo_1\":\"O que fazemos\",\"subtitulo_1\":\"Veja abaixo o organograma de nossos servi&ccedil;os\",\"texto_1\":\"\",\"link_1\":\"\",\"link_target_1\":\"_self\",\"image_1\":\"\",\"layout_1\":\"up\",\"cor_1\":\"\",\"cor_2\":\"\",\"cor_3\":\"\",\"alinhamento_1\":\"left\",\"alinhamento_2\":\"left\",\"alinhamento_3\":\"left\",\"extra\":[],\"url\":\"\",\"id\":\"352\",\"is_container\":0,\"margin_top\":\"0\",\"margin_bottom\":\"10\",\"padding_top\":\"\",\"padding_bottom\":\"\",\"is_full\":0,\"titulo_componente\":1,\"background_type\":\"\",\"background\":\"\"}","info":{"modelo":"artigo","tipo":"artigo","cool":"texas_artigo","id_page":"302","id_componente":"207","id_row":"352"},"content":{"titulo_1":"O que fazemos","subtitulo_1":"Veja abaixo o organograma de nossos servi&ccedil;os","texto_1":"","link_1":"","link_target_1":"_self","image_1":"","layout_1":"up","cor_1":"","cor_2":"","cor_3":"","alinhamento_1":"left","alinhamento_2":"left","alinhamento_3":"left","extra":[],"url":"","id":"352","is_container":0,"margin_top":"0","margin_bottom":"10","padding_top":"","padding_bottom":"","is_full":0,"titulo_componente":1,"background_type":"","background":"","page_info":[]}},{"id":"351","id_page":"302","id_componente":"207","tipo":"artigo","titulo":"Texas Artigo","n_index":"1","cool":"texas_artigo","json":"{\"titulo_1\":\"\",\"subtitulo_1\":\"\",\"texto_1\":\"\",\"link_1\":\"\",\"link_target_1\":\"_self\",\"image_1\":\"servicos2_s6.png\",\"layout_1\":\"up\",\"cor_1\":\"\",\"cor_2\":\"\",\"cor_3\":\"\",\"alinhamento_1\":\"left\",\"alinhamento_2\":\"left\",\"alinhamento_3\":\"left\",\"extra\":[],\"url\":\"\",\"id\":\"351\",\"is_container\":0,\"margin_top\":\"0\",\"margin_bottom\":\"30\",\"padding_top\":\"0\",\"padding_bottom\":\"0\",\"is_full\":0,\"titulo_componente\":0,\"background_type\":\"0\",\"background\":\"\"}","info":{"modelo":"artigo","tipo":"artigo","cool":"texas_artigo","id_page":"302","id_componente":"207","id_row":"351"},"content":{"titulo_1":"","subtitulo_1":"","texto_1":"","link_1":"","link_target_1":"_self","image_1":"servicos2_s6.png","layout_1":"up","cor_1":"","cor_2":"","cor_3":"","alinhamento_1":"left","alinhamento_2":"left","alinhamento_3":"left","extra":[],"url":"","id":"351","is_container":0,"margin_top":"0","margin_bottom":"30","padding_top":"0","padding_bottom":"0","is_full":0,"titulo_componente":0,"background_type":"0","background":"","page_info":[]}},{"id":"350","id_page":"302","id_componente":"207","tipo":"artigo","titulo":"Texas Artigo","n_index":"2","cool":"texas_artigo","json":"{\"titulo_1\":\"\",\"subtitulo_1\":\"\",\"texto_1\":\"\",\"link_1\":\"\",\"link_target_1\":\"_self\",\"image_1\":\"servicos1_m8.png\",\"layout_1\":\"up\",\"cor_1\":\"\",\"cor_2\":\"\",\"cor_3\":\"\",\"alinhamento_1\":\"left\",\"alinhamento_2\":\"left\",\"alinhamento_3\":\"left\",\"extra\":[],\"url\":\"\",\"id\":\"350\",\"is_container\":0,\"margin_top\":\"\",\"margin_bottom\":\"\",\"padding_top\":\"\",\"padding_bottom\":\"\",\"is_full\":0,\"titulo_componente\":1,\"background_type\":\"\",\"background\":\"\"}","info":{"modelo":"artigo","tipo":"artigo","cool":"texas_artigo","id_page":"302","id_componente":"207","id_row":"350"},"content":{"titulo_1":"","subtitulo_1":"","texto_1":"","link_1":"","link_target_1":"_self","image_1":"servicos1_m8.png","layout_1":"up","cor_1":"","cor_2":"","cor_3":"","alinhamento_1":"left","alinhamento_2":"left","alinhamento_3":"left","extra":[],"url":"","id":"350","is_container":0,"margin_top":"","margin_bottom":"","padding_top":"","padding_bottom":"","is_full":0,"titulo_componente":1,"background_type":"","background":"","page_info":[]}}],"attributes":{"video_1":null,"video_2":null,"video_3":null,"dica_titulo":null,"dica_subtitulo":null,"dica_texto":null,"galeria_usuarios":null,"dc_identificator":null,"dc_format":null,"dc_language":null,"dc_publisher":null,"dc_email":null,"dc_creator":null,"dc_subject":null,"dc_contributor":null,"dc_date":null,"dc_relation":null,"dc_coverage":null,"dc_copyright":null,"fb_titulo":null,"fb_texto":null,"fb_slot_1":null}},"portfolio":{"id":"301","nome":"portfolio","menu_principal":"1","menu_2":"0","menu_3":"0","n_index":"4","label":"portf\u00f3lio","layout":"portfolio_simples","banner":"","action":"portfolio","tipo":"portfolio","titulo":"Portf\u00f3lio","texto_01":"","texto_02":"","texto_03":"","texto_04":"","texto_05":"","texto_06":"","titulo_01":"","titulo_02":"","titulo_03":"","titulo_04":"","titulo_05":"","titulo_06":"","subtitulo_01":"","subtitulo_02":"","subtitulo_03":"","subtitulo_04":"","subtitulo_05":"","subtitulo_06":"","label_link_01":"","label_link_02":"","label_link_03":"","label_link_04":"","label_link_05":"","label_link_06":"","link_01":"","link_02":"","link_03":"","link_04":"","link_05":"","link_06":"","container_1":"","container_2":"","container_3":"","container_4":"","container_5":"","container_6":"","container_7":"","container_8":"","container_9":"","container_10":"","icon":"","plataforma":"desktop","keywords":"","modelo":"0","banner_exibe":"0","controller":"portfolio","titulo_pagina":"Portf\u00f3lio","hotsite":"0","id_categoria":null,"dica_exibe":"0","network_exibe":"0","video_exibe":"0","main_for_group":"0","link_special":"","breadcrumb_exibe":"0","views":"0","tags":false,"page_prop":{"gel_fr_initial":null},"extra":[],"ads":[],"rows":[],"attributes":{"video_1":null,"video_2":null,"video_3":null,"dica_titulo":null,"dica_subtitulo":null,"dica_texto":null,"galeria_usuarios":null,"dc_identificator":null,"dc_format":null,"dc_language":null,"dc_publisher":null,"dc_email":null,"dc_creator":null,"dc_subject":null,"dc_contributor":null,"dc_date":null,"dc_relation":null,"dc_coverage":null,"dc_copyright":null,"fb_titulo":null,"fb_texto":null,"fb_slot_1":null}}},"materias":[],"menu":[{"id":"299","nome":"home","layout":"home_comments","label":"home","controller":"vevo","action":"","main_for_group":"0","id_categoria":null,"link_special":"","more":[]},{"id":"296","nome":"institucional","layout":"vertical_banner_html5","label":"quem somos","controller":"verticalbanner","action":"","main_for_group":"0","id_categoria":null,"link_special":"","more":[]},{"id":"302","nome":"servicos","layout":"horizontal_banner","label":"servi\u00e7os","controller":"verticalbannner","action":"","main_for_group":"0","id_categoria":null,"link_special":"","more":[]},{"id":"301","nome":"portfolio","layout":"portfolio_simples","label":"portf\u00f3lio","controller":"portfolio","action":"portfolio","main_for_group":"0","id_categoria":null,"link_special":"","more":[]},{"id":"298","nome":"contato","layout":"contact_map","label":"contato","controller":"contato","action":"","main_for_group":"0","id_categoria":null,"link_special":"","more":[]}],"menu3":[{"id":"296","nome":"institucional","layout":"vertical_banner_html5","label":"quem somos","controller":"verticalbanner","action":"","main_for_group":"0","id_categoria":null,"link_special":"","more":[]},{"id":"302","nome":"servicos","layout":"horizontal_banner","label":"servi\u00e7os","controller":"verticalbannner","action":"","main_for_group":"0","id_categoria":null,"link_special":"","more":[]},{"id":"295","nome":"orcamento","layout":"orcamentos","label":"orcamento","controller":"orcamento","action":"","main_for_group":"0","id_categoria":null,"link_special":"","more":[]},{"id":"298","nome":"contato","layout":"contact_map","label":"contato","controller":"contato","action":"","main_for_group":"0","id_categoria":null,"link_special":"","more":[]}],"menu2_categorias":[],"main_banner":{"banners":[{"id":"550","tipo":"html_mainbanners","modelo":"render_partial","altura":"0","largura":"0","image":"","image_type":"0","cool":"banner_splash","titulo":"","descricao":"","link":"\/orcamento","link_modo":"0","cool2":[{"id":"432","label":"Marketing Digital Experitise","name":"titulo1","id_banner":"550","tipo":"t","src":"","p_x":"0","p_y":"0","width":"0","height":"0","color":"#FFFFFF","f_type":"","s_text":"","s_thumb":"","link":"","variante":"","texto":"","z_index":"1","descricao":"Marketing Digital Expertise","json":""},{"id":"433","label":"Com nossos servi\u00e7os voc\u00ea tem a qualidade que merec","name":"texto1","id_banner":"550","tipo":"t","src":"","p_x":"0","p_y":"0","width":"0","height":"0","color":"#FFFFFF","f_type":"","s_text":"","s_thumb":"","link":"","variante":"","texto":"","z_index":"1","descricao":"Com nossos servi\u00e7os voc\u00ea tem a qualidade que merece com o valor que cabe no seu bolso","json":""},{"id":"434","label":"Essa \u00e9 nossa miss\u00e3o, sermos especialistas","name":"titulo2","id_banner":"550","tipo":"t","src":"","p_x":"0","p_y":"0","width":"0","height":"0","color":"#FFFFFF","f_type":"","s_text":"","s_thumb":"","link":"","variante":"","texto":"","z_index":"1","descricao":"Essa \u00e9 nossa miss\u00e3o, sermos especialistas!","json":""},{"id":"435","label":"Imagem - 1","name":"image1","id_banner":"550","tipo":"i","src":"","p_x":"0","p_y":"0","width":"0","height":"0","color":"","f_type":"","s_text":"","s_thumb":"","link":"\/orcamento","variante":"1","texto":"","z_index":"1","descricao":"","json":""},{"id":"436","label":"Imagem - 2","name":"image2","id_banner":"550","tipo":"i","src":"lampada_r6.png","p_x":"0","p_y":"0","width":"0","height":"0","color":"","f_type":"","s_text":"","s_thumb":"","link":"\/orcamento","variante":"","texto":"","z_index":"1","descricao":"","json":""},{"id":"437","label":"Botao - 1","name":"botao1","id_banner":"550","tipo":"bt","src":"1","p_x":"0","p_y":"0","width":"0","height":"0","color":"","f_type":"","s_text":"","s_thumb":"1","link":"\/orcamento","variante":"1","texto":"","z_index":"1","descricao":"Pedir or\u00e7amento","json":""},{"id":"438","label":"Textura - 1","name":"textura1","id_banner":"550","tipo":"ttr","src":"","p_x":"0","p_y":"0","width":"0","height":"0","color":"","f_type":"","s_text":"","s_thumb":"","link":"","variante":"0","texto":"","z_index":"1","descricao":"","json":""}],"cool3":{"titulo1":{"id":"432","label":"Marketing Digital Experitise","name":"titulo1","id_banner":"550","tipo":"t","src":"","p_x":"0","p_y":"0","width":"0","height":"0","color":"#FFFFFF","f_type":"","s_text":"","s_thumb":"","link":"","variante":"","texto":"","z_index":"1","descricao":"Marketing Digital Expertise","json":""},"texto1":{"id":"433","label":"Com nossos servi\u00e7os voc\u00ea tem a qualidade que merec","name":"texto1","id_banner":"550","tipo":"t","src":"","p_x":"0","p_y":"0","width":"0","height":"0","color":"#FFFFFF","f_type":"","s_text":"","s_thumb":"","link":"","variante":"","texto":"","z_index":"1","descricao":"Com nossos servi\u00e7os voc\u00ea tem a qualidade que merece com o valor que cabe no seu bolso","json":""},"titulo2":{"id":"434","label":"Essa \u00e9 nossa miss\u00e3o, sermos especialistas","name":"titulo2","id_banner":"550","tipo":"t","src":"","p_x":"0","p_y":"0","width":"0","height":"0","color":"#FFFFFF","f_type":"","s_text":"","s_thumb":"","link":"","variante":"","texto":"","z_index":"1","descricao":"Essa \u00e9 nossa miss\u00e3o, sermos especialistas!","json":""},"image1":{"id":"435","label":"Imagem - 1","name":"image1","id_banner":"550","tipo":"i","src":"","p_x":"0","p_y":"0","width":"0","height":"0","color":"","f_type":"","s_text":"","s_thumb":"","link":"\/orcamento","variante":"1","texto":"","z_index":"1","descricao":"","json":""},"image2":{"id":"436","label":"Imagem - 2","name":"image2","id_banner":"550","tipo":"i","src":"lampada_r6.png","p_x":"0","p_y":"0","width":"0","height":"0","color":"","f_type":"","s_text":"","s_thumb":"","link":"\/orcamento","variante":"","texto":"","z_index":"1","descricao":"","json":""},"botao1":{"id":"437","label":"Botao - 1","name":"botao1","id_banner":"550","tipo":"bt","src":"1","p_x":"0","p_y":"0","width":"0","height":"0","color":"","f_type":"","s_text":"","s_thumb":"1","link":"\/orcamento","variante":"1","texto":"","z_index":"1","descricao":"Pedir or\u00e7amento","json":""},"textura1":{"id":"438","label":"Textura - 1","name":"textura1","id_banner":"550","tipo":"ttr","src":"","p_x":"0","p_y":"0","width":"0","height":"0","color":"","f_type":"","s_text":"","s_thumb":"","link":"","variante":"0","texto":"","z_index":"1","descricao":"","json":""},"miniSiteUrl":"http:\/\/www.minisite.purplepier.com.br\/media\/user\/images\/original\/"}},{"id":"551","tipo":"html_mainbanners","modelo":"render_partial","altura":"0","largura":"0","image":"","image_type":"0","cool":"banner_splash","titulo":"","descricao":"","link":"","link_modo":"0","cool2":[{"id":"439","label":"Seu site em todas as plataformas","name":"titulo1","id_banner":"551","tipo":"t","src":"","p_x":"0","p_y":"0","width":"0","height":"0","color":"#FFFFFF","f_type":"","s_text":"1","s_thumb":"","link":"","variante":"","texto":"","z_index":"1","descricao":"Seu site em todas as plataformas","json":""},{"id":"440","label":"Aqui voc\u00ea tem seu site pronto para todas as plataf","name":"texto1","id_banner":"551","tipo":"t","src":"","p_x":"0","p_y":"0","width":"0","height":"0","color":"#FFFFFF","f_type":"","s_text":"1","s_thumb":"","link":"","variante":"","texto":"","z_index":"1","descricao":"Seu site pronto para todas as plataformas e otimizado para ser o primeiro no Google","json":""},{"id":"441","label":"Seja em celulares, tables ou desktop","name":"titulo2","id_banner":"551","tipo":"t","src":"","p_x":"0","p_y":"0","width":"0","height":"0","color":"#FFFFFF","f_type":"","s_text":"1","s_thumb":"","link":"","variante":"","texto":"","z_index":"1","descricao":"Seja em celulares, tablets ou desktop","json":""},{"id":"442","label":"Imagem - 1","name":"image1","id_banner":"551","tipo":"i","src":"","p_x":"0","p_y":"0","width":"0","height":"0","color":"","f_type":"","s_text":"","s_thumb":"","link":"","variante":"1","texto":"","z_index":"1","descricao":"","json":""},{"id":"443","label":"Imagem - 2","name":"image2","id_banner":"551","tipo":"i","src":"mac_v6.png","p_x":"0","p_y":"0","width":"0","height":"0","color":"","f_type":"","s_text":"","s_thumb":"","link":"","variante":"","texto":"","z_index":"1","descricao":"","json":""},{"id":"444","label":"Botao - 1","name":"botao1","id_banner":"551","tipo":"bt","src":"1","p_x":"0","p_y":"0","width":"0","height":"0","color":"","f_type":"","s_text":"","s_thumb":"0","link":"","variante":"1","texto":"","z_index":"1","descricao":"Veja mais","json":""},{"id":"445","label":"Textura - 1","name":"textura1","id_banner":"551","tipo":"ttr","src":"","p_x":"0","p_y":"0","width":"0","height":"0","color":"","f_type":"","s_text":"","s_thumb":"","link":"","variante":"0","texto":"","z_index":"1","descricao":"","json":""}],"cool3":{"titulo1":{"id":"439","label":"Seu site em todas as plataformas","name":"titulo1","id_banner":"551","tipo":"t","src":"","p_x":"0","p_y":"0","width":"0","height":"0","color":"#FFFFFF","f_type":"","s_text":"1","s_thumb":"","link":"","variante":"","texto":"","z_index":"1","descricao":"Seu site em todas as plataformas","json":""},"texto1":{"id":"440","label":"Aqui voc\u00ea tem seu site pronto para todas as plataf","name":"texto1","id_banner":"551","tipo":"t","src":"","p_x":"0","p_y":"0","width":"0","height":"0","color":"#FFFFFF","f_type":"","s_text":"1","s_thumb":"","link":"","variante":"","texto":"","z_index":"1","descricao":"Seu site pronto para todas as plataformas e otimizado para ser o primeiro no Google","json":""},"titulo2":{"id":"441","label":"Seja em celulares, tables ou desktop","name":"titulo2","id_banner":"551","tipo":"t","src":"","p_x":"0","p_y":"0","width":"0","height":"0","color":"#FFFFFF","f_type":"","s_text":"1","s_thumb":"","link":"","variante":"","texto":"","z_index":"1","descricao":"Seja em celulares, tablets ou desktop","json":""},"image1":{"id":"442","label":"Imagem - 1","name":"image1","id_banner":"551","tipo":"i","src":"","p_x":"0","p_y":"0","width":"0","height":"0","color":"","f_type":"","s_text":"","s_thumb":"","link":"","variante":"1","texto":"","z_index":"1","descricao":"","json":""},"image2":{"id":"443","label":"Imagem - 2","name":"image2","id_banner":"551","tipo":"i","src":"mac_v6.png","p_x":"0","p_y":"0","width":"0","height":"0","color":"","f_type":"","s_text":"","s_thumb":"","link":"","variante":"","texto":"","z_index":"1","descricao":"","json":""},"botao1":{"id":"444","label":"Botao - 1","name":"botao1","id_banner":"551","tipo":"bt","src":"1","p_x":"0","p_y":"0","width":"0","height":"0","color":"","f_type":"","s_text":"","s_thumb":"0","link":"","variante":"1","texto":"","z_index":"1","descricao":"Veja mais","json":""},"textura1":{"id":"445","label":"Textura - 1","name":"textura1","id_banner":"551","tipo":"ttr","src":"","p_x":"0","p_y":"0","width":"0","height":"0","color":"","f_type":"","s_text":"","s_thumb":"","link":"","variante":"0","texto":"","z_index":"1","descricao":"","json":""},"miniSiteUrl":"http:\/\/www.minisite.purplepier.com.br\/media\/user\/images\/original\/"}}],"quantidade_banners":2,"banners_random":[{"id":"551","tipo":"html_mainbanners","modelo":"render_partial","altura":"0","largura":"0","image":"","image_type":"0","cool":"banner_splash","titulo":"","descricao":"","link":"","link_modo":"0","cool2":[{"id":"439","label":"Seu site em todas as plataformas","name":"titulo1","id_banner":"551","tipo":"t","src":"","p_x":"0","p_y":"0","width":"0","height":"0","color":"#FFFFFF","f_type":"","s_text":"1","s_thumb":"","link":"","variante":"","texto":"","z_index":"1","descricao":"Seu site em todas as plataformas","json":""},{"id":"440","label":"Aqui voc\u00ea tem seu site pronto para todas as plataf","name":"texto1","id_banner":"551","tipo":"t","src":"","p_x":"0","p_y":"0","width":"0","height":"0","color":"#FFFFFF","f_type":"","s_text":"1","s_thumb":"","link":"","variante":"","texto":"","z_index":"1","descricao":"Seu site pronto para todas as plataformas e otimizado para ser o primeiro no Google","json":""},{"id":"441","label":"Seja em celulares, tables ou desktop","name":"titulo2","id_banner":"551","tipo":"t","src":"","p_x":"0","p_y":"0","width":"0","height":"0","color":"#FFFFFF","f_type":"","s_text":"1","s_thumb":"","link":"","variante":"","texto":"","z_index":"1","descricao":"Seja em celulares, tablets ou desktop","json":""},{"id":"442","label":"Imagem - 1","name":"image1","id_banner":"551","tipo":"i","src":"","p_x":"0","p_y":"0","width":"0","height":"0","color":"","f_type":"","s_text":"","s_thumb":"","link":"","variante":"1","texto":"","z_index":"1","descricao":"","json":""},{"id":"443","label":"Imagem - 2","name":"image2","id_banner":"551","tipo":"i","src":"mac_v6.png","p_x":"0","p_y":"0","width":"0","height":"0","color":"","f_type":"","s_text":"","s_thumb":"","link":"","variante":"","texto":"","z_index":"1","descricao":"","json":""},{"id":"444","label":"Botao - 1","name":"botao1","id_banner":"551","tipo":"bt","src":"1","p_x":"0","p_y":"0","width":"0","height":"0","color":"","f_type":"","s_text":"","s_thumb":"0","link":"","variante":"1","texto":"","z_index":"1","descricao":"Veja mais","json":""},{"id":"445","label":"Textura - 1","name":"textura1","id_banner":"551","tipo":"ttr","src":"","p_x":"0","p_y":"0","width":"0","height":"0","color":"","f_type":"","s_text":"","s_thumb":"","link":"","variante":"0","texto":"","z_index":"1","descricao":"","json":""}],"cool3":{"titulo1":{"id":"439","label":"Seu site em todas as plataformas","name":"titulo1","id_banner":"551","tipo":"t","src":"","p_x":"0","p_y":"0","width":"0","height":"0","color":"#FFFFFF","f_type":"","s_text":"1","s_thumb":"","link":"","variante":"","texto":"","z_index":"1","descricao":"Seu site em todas as plataformas","json":""},"texto1":{"id":"440","label":"Aqui voc\u00ea tem seu site pronto para todas as plataf","name":"texto1","id_banner":"551","tipo":"t","src":"","p_x":"0","p_y":"0","width":"0","height":"0","color":"#FFFFFF","f_type":"","s_text":"1","s_thumb":"","link":"","variante":"","texto":"","z_index":"1","descricao":"Seu site pronto para todas as plataformas e otimizado para ser o primeiro no Google","json":""},"titulo2":{"id":"441","label":"Seja em celulares, tables ou desktop","name":"titulo2","id_banner":"551","tipo":"t","src":"","p_x":"0","p_y":"0","width":"0","height":"0","color":"#FFFFFF","f_type":"","s_text":"1","s_thumb":"","link":"","variante":"","texto":"","z_index":"1","descricao":"Seja em celulares, tablets ou desktop","json":""},"image1":{"id":"442","label":"Imagem - 1","name":"image1","id_banner":"551","tipo":"i","src":"","p_x":"0","p_y":"0","width":"0","height":"0","color":"","f_type":"","s_text":"","s_thumb":"","link":"","variante":"1","texto":"","z_index":"1","descricao":"","json":""},"image2":{"id":"443","label":"Imagem - 2","name":"image2","id_banner":"551","tipo":"i","src":"mac_v6.png","p_x":"0","p_y":"0","width":"0","height":"0","color":"","f_type":"","s_text":"","s_thumb":"","link":"","variante":"","texto":"","z_index":"1","descricao":"","json":""},"botao1":{"id":"444","label":"Botao - 1","name":"botao1","id_banner":"551","tipo":"bt","src":"1","p_x":"0","p_y":"0","width":"0","height":"0","color":"","f_type":"","s_text":"","s_thumb":"0","link":"","variante":"1","texto":"","z_index":"1","descricao":"Veja mais","json":""},"textura1":{"id":"445","label":"Textura - 1","name":"textura1","id_banner":"551","tipo":"ttr","src":"","p_x":"0","p_y":"0","width":"0","height":"0","color":"","f_type":"","s_text":"","s_thumb":"","link":"","variante":"0","texto":"","z_index":"1","descricao":"","json":""},"miniSiteUrl":"http:\/\/www.minisite.purplepier.com.br\/media\/user\/images\/original\/"}},{"id":"550","tipo":"html_mainbanners","modelo":"render_partial","altura":"0","largura":"0","image":"","image_type":"0","cool":"banner_splash","titulo":"","descricao":"","link":"\/orcamento","link_modo":"0","cool2":[{"id":"432","label":"Marketing Digital Experitise","name":"titulo1","id_banner":"550","tipo":"t","src":"","p_x":"0","p_y":"0","width":"0","height":"0","color":"#FFFFFF","f_type":"","s_text":"","s_thumb":"","link":"","variante":"","texto":"","z_index":"1","descricao":"Marketing Digital Expertise","json":""},{"id":"433","label":"Com nossos servi\u00e7os voc\u00ea tem a qualidade que merec","name":"texto1","id_banner":"550","tipo":"t","src":"","p_x":"0","p_y":"0","width":"0","height":"0","color":"#FFFFFF","f_type":"","s_text":"","s_thumb":"","link":"","variante":"","texto":"","z_index":"1","descricao":"Com nossos servi\u00e7os voc\u00ea tem a qualidade que merece com o valor que cabe no seu bolso","json":""},{"id":"434","label":"Essa \u00e9 nossa miss\u00e3o, sermos especialistas","name":"titulo2","id_banner":"550","tipo":"t","src":"","p_x":"0","p_y":"0","width":"0","height":"0","color":"#FFFFFF","f_type":"","s_text":"","s_thumb":"","link":"","variante":"","texto":"","z_index":"1","descricao":"Essa \u00e9 nossa miss\u00e3o, sermos especialistas!","json":""},{"id":"435","label":"Imagem - 1","name":"image1","id_banner":"550","tipo":"i","src":"","p_x":"0","p_y":"0","width":"0","height":"0","color":"","f_type":"","s_text":"","s_thumb":"","link":"\/orcamento","variante":"1","texto":"","z_index":"1","descricao":"","json":""},{"id":"436","label":"Imagem - 2","name":"image2","id_banner":"550","tipo":"i","src":"lampada_r6.png","p_x":"0","p_y":"0","width":"0","height":"0","color":"","f_type":"","s_text":"","s_thumb":"","link":"\/orcamento","variante":"","texto":"","z_index":"1","descricao":"","json":""},{"id":"437","label":"Botao - 1","name":"botao1","id_banner":"550","tipo":"bt","src":"1","p_x":"0","p_y":"0","width":"0","height":"0","color":"","f_type":"","s_text":"","s_thumb":"1","link":"\/orcamento","variante":"1","texto":"","z_index":"1","descricao":"Pedir or\u00e7amento","json":""},{"id":"438","label":"Textura - 1","name":"textura1","id_banner":"550","tipo":"ttr","src":"","p_x":"0","p_y":"0","width":"0","height":"0","color":"","f_type":"","s_text":"","s_thumb":"","link":"","variante":"0","texto":"","z_index":"1","descricao":"","json":""}],"cool3":{"titulo1":{"id":"432","label":"Marketing Digital Experitise","name":"titulo1","id_banner":"550","tipo":"t","src":"","p_x":"0","p_y":"0","width":"0","height":"0","color":"#FFFFFF","f_type":"","s_text":"","s_thumb":"","link":"","variante":"","texto":"","z_index":"1","descricao":"Marketing Digital Expertise","json":""},"texto1":{"id":"433","label":"Com nossos servi\u00e7os voc\u00ea tem a qualidade que merec","name":"texto1","id_banner":"550","tipo":"t","src":"","p_x":"0","p_y":"0","width":"0","height":"0","color":"#FFFFFF","f_type":"","s_text":"","s_thumb":"","link":"","variante":"","texto":"","z_index":"1","descricao":"Com nossos servi\u00e7os voc\u00ea tem a qualidade que merece com o valor que cabe no seu bolso","json":""},"titulo2":{"id":"434","label":"Essa \u00e9 nossa miss\u00e3o, sermos especialistas","name":"titulo2","id_banner":"550","tipo":"t","src":"","p_x":"0","p_y":"0","width":"0","height":"0","color":"#FFFFFF","f_type":"","s_text":"","s_thumb":"","link":"","variante":"","texto":"","z_index":"1","descricao":"Essa \u00e9 nossa miss\u00e3o, sermos especialistas!","json":""},"image1":{"id":"435","label":"Imagem - 1","name":"image1","id_banner":"550","tipo":"i","src":"","p_x":"0","p_y":"0","width":"0","height":"0","color":"","f_type":"","s_text":"","s_thumb":"","link":"\/orcamento","variante":"1","texto":"","z_index":"1","descricao":"","json":""},"image2":{"id":"436","label":"Imagem - 2","name":"image2","id_banner":"550","tipo":"i","src":"lampada_r6.png","p_x":"0","p_y":"0","width":"0","height":"0","color":"","f_type":"","s_text":"","s_thumb":"","link":"\/orcamento","variante":"","texto":"","z_index":"1","descricao":"","json":""},"botao1":{"id":"437","label":"Botao - 1","name":"botao1","id_banner":"550","tipo":"bt","src":"1","p_x":"0","p_y":"0","width":"0","height":"0","color":"","f_type":"","s_text":"","s_thumb":"1","link":"\/orcamento","variante":"1","texto":"","z_index":"1","descricao":"Pedir or\u00e7amento","json":""},"textura1":{"id":"438","label":"Textura - 1","name":"textura1","id_banner":"550","tipo":"ttr","src":"","p_x":"0","p_y":"0","width":"0","height":"0","color":"","f_type":"","s_text":"","s_thumb":"","link":"","variante":"0","texto":"","z_index":"1","descricao":"","json":""},"miniSiteUrl":"http:\/\/www.minisite.purplepier.com.br\/media\/user\/images\/original\/"}}],"isShadow":null,"main_banner_altura":"120"},"site_settings":{"topo":{"id":"547","modelo":"render_partial","tipo":"topos","largura":"0","altura":"0","cor":"","cool":"topo_osiris","detalhes":"","cool2":[],"attr":{"topo_cor_1":null,"topo_cor_2":null,"topo_cor_3":null,"topo_cor_4":null,"topo_cor_5":null,"topo_cor_6":null,"topo_layout":null,"frase_searchbox":"O que voc\u00ea precisa?"}},"rodape":{"id":"548","modelo":"render_partial","tipo":"rodapes","largura":"0","altura":"0","cor":"","cool":"stalker","detalhes":"","cool2":[],"attr":{"rodape_layout_pos":"granizo"}},"textura_site":null,"textura_paginas":null,"textura_sombras":"","textura_overlay":"","design_site":"","layout_site":"","layout_home":"home_columns_block","titulo_cor":"254380","texto_cor":"3B3B3B","link_cor":"395285","link_cor_hover":"3F4F73","textura_menu":"orange_lines_2.jpg","botao_cor":"FFFFFF","botao_cor_hover":"FFFFFF","textura_topo":"topo_crimson2.jpg","textura_rodape":"","textura_botao":"bt_square_blue.png","textura_vertical_block":"","textura_horizontal_block":"","logos":"","icons":"","flags":"","banner":"","menu_cor":"1C293B","menu_cor_hover":"323E6E","subtitulo_cor":"1E2D8A","status":"1","classe_container":"","tipo_textura_paginas":"0","tipo_textura_site":"0","tipo_textura_topo":"0","tipo_textura_rodape":"0","tipo_textura_menu":"1","tipo_textura_botao":"2","tipo_textura_vertical_block1":"","tipo_textura_vertical_block2":"","tipo_textura_horizontal_block1":"","linkedin":"","tipo_textura_horizontal_block2":"","cor_textura_site":"","cor_textura_paginas":"","metatags":"","descricao":"CONNECT | Ag\u00eancia Digital","titulo":"Minisite","google_analytics":"","classe_alerta":"","facebook":"","twitter":"","menu_exibe":"0","embrulho":"0","showcase":"0","valor_free":"0","produtos_qtd":"0","envio":"0","parcelamento":"0","google_mais_um":"","topo_tipo":"rattatouli","rodape_tipo":"vevo","email_sender":"contato@purplepier.com.br","email_contato":"contato@purplepier.com.br","site_release":"00\/00\/0000","logo":"logo_connect_g1.png","barra_social_exibir":null,"facebook_id":null,"canal_youtube":"","pintrest":null,"flickr":"","skype":"","rss":"","home":"","telefone_contato":"19 3826.4110","email":"contato@agenciaconnect.net","google_plus":"","site_map":"","vitrine_layout":null,"pagination":null,"menu2_categorias":[],"menu2_theme":"preto","menu_total":"true","menu_align":null,"menu_fonte":"","rodape_copyright":"Todos os direitos reservados"},"user_info":{"user":"oficialpurple","pass":"Po897T4$34"},"rodape_copyright":"Todos os direitos reservados","logo":"http:\/\/www.minisite.purplepier.com.br\/media\/user\/images\/original\/logo_connect_g1.png","email_title":"Minisite PurplePier"}